product_page_url,upc,title,price_including_tax,price_excluding_tax,number_available,product_description,category,review_rating,image_url
http://books.toscrape.com/catalogue/the-long-haul-diary-of-a-wimpy-kid-9_757/index.html,f21effc079a2b38a,The Long Haul (Diary of a Wimpy Kid #9),£44.07,£44.07,14,Greg Heffley and his family hit the road in author-illustrator Jeff Kinney's latest installment of the phenomenally bestselling Diary of a Wimpy Kid series.,Humor,One,http://books.toscrape.com/media/cache/b1/e6/b1e6c747381261cd6e60ac9d350c4bab.jpg
http://books.toscrape.com/catalogue/old-school-diary-of-a-wimpy-kid-10_723/index.html,02b74068fa98d8a4,Old School (Diary of a Wimpy Kid #10),£11.83,£11.83,14,"In the latest installment of the phenomenally bestselling Diary of a Wimpy Kid series, author-illustrator Jeff Kinney brings the series back to its roots, as Greg starts a new school year and faces a challenge he never could've imagined. In the latest installment of the phenomenally bestselling Diary of a Wimpy Kid series, author-illustrator Jeff Kinney brings the series back to its roots, as Greg starts a new school year and faces a challenge he never could've imagined.Â  ...more",Humor,Five,http://books.toscrape.com/media/cache/55/82/5582626cb185a8eb2914c15d5287afbd.jpg
http://books.toscrape.com/catalogue/i-know-what-im-doing-and-other-lies-i-tell-myself-dispatches-from-a-life-under-construction_704/index.html,b8a8ff84233f0570,I Know What I'm Doing -- and Other Lies I Tell Myself: Dispatches from a Life Under Construction,£25.98,£25.98,14,"New York Times bestselling author and stand-up comedian Jen Kirkman delivers a hilarious, candid memoir about marriage, divorce, sex, turning forty, and still not quite having life figured out.Jen Kirkman wants to be the voice in your head that says, Hey, youâre okay. Even if you sometimes think you arenât! And especially if other people try to tell you youâre not.In I Kno New York Times bestselling author and stand-up comedian Jen Kirkman delivers a hilarious, candid memoir about marriage, divorce, sex, turning forty, and still not quite having life figured out.Jen Kirkman wants to be the voice in your head that says, Hey, youâre okay. Even if you sometimes think you arenât! And especially if other people try to tell you youâre not.In I Know What Iâm Doingâand Other Lies I Tell Myself, Jen offers up all the gory details of a life permanently in progress. She reassures you that itâs okay to not have life completely figured out, even when you reach middle age (and find your first gray pubic hair!). She talks about making unusual or unpopular life decisions (such as cultivating a âfriend with benefitsâ or not going home for the holidays) because you donât necessarily want for yourself what everyone else seems to think you should. Itâs about renting when everyone says you should own, dating around when everyone thinks you should settle down, and traveling alone when everyone pities you for going to Paris without a man.From marriage to divorce and sex to mental health, I Know What Iâm Doingâand Other Lies I Tell Myself is about embracing the fact that life is a bit of a sh*t show and itâs definitely more than okay to stay true to yourself. ...more",Humor,Four,http://books.toscrape.com/media/cache/04/ab/04ab560690b2383512d2fdf4c6366b1e.jpg
http://books.toscrape.com/catalogue/hyperbole-and-a-half-unfortunate-situations-flawed-coping-mechanisms-mayhem-and-other-things-that-happened_702/index.html,fbb21a2f71f4d981,"Hyperbole and a Half: Unfortunate Situations, Flawed Coping Mechanisms, Mayhem, and Other Things That Happened",£14.75,£14.75,14,"This is a book I wrote. Because I wrote it, I had to figure out what to put on the back cover to explain what it is. I tried to write a long, third-person summary that would imply how great the book is and also sound vaguely authoritative--like maybe someone who isnât me wrote it--but I soon discovered that Iâm not sneaky enough to pull it off convincingly. So I decided to This is a book I wrote. Because I wrote it, I had to figure out what to put on the back cover to explain what it is. I tried to write a long, third-person summary that would imply how great the book is and also sound vaguely authoritative--like maybe someone who isnât me wrote it--but I soon discovered that Iâm not sneaky enough to pull it off convincingly. So I decided to just make a list of things that are in the book:PicturesWordsStories about things that happened to meStories about things that happened to other people because of meEight billion dollars*Stories about dogsThe secret to eternal happiness**These are lies. Perhaps I have underestimated my sneakiness! ...more",Humor,Five,http://books.toscrape.com/media/cache/25/1d/251df0eb9b321159b0ee348d4a9da2af.jpg
http://books.toscrape.com/catalogue/dress-your-family-in-corduroy-and-denim_562/index.html,7e9068872228c474,Dress Your Family in Corduroy and Denim,£43.68,£43.68,9,"David Sedaris returns to his deliriously twisted domain: hilarious childhood dramas infused with melancholy; the gulf of misunderstanding that exists between people of different nations or members of the same family; and the poignant divide between one's best hopes and most common deeds. The family characters his readers love are all here, as well as the unique terrain the David Sedaris returns to his deliriously twisted domain: hilarious childhood dramas infused with melancholy; the gulf of misunderstanding that exists between people of different nations or members of the same family; and the poignant divide between one's best hopes and most common deeds. The family characters his readers love are all here, as well as the unique terrain they inhabit, strewn with comic landmines. 'The Rooster' is back, and getting married in the funniest wedding ever described. David attends a slumber party and gets the upper hand in a unique version of strip poker. 'Rubber or plastic?' The strangest questions can tear people apart. A skinny guy from Spain, wearing a bishop's hat and accompanied by six to eight men, invades your house and pretends to kick you. Is this any way to spend Christmas? With this new book, Sedaris's prose reaches breathtaking new heights and marks off a territory that is unmistakably his own. Read it and weep tears of humane laughter. ...more",Humor,Three,http://books.toscrape.com/media/cache/9c/2b/9c2bdd3040938c144345a115fb906562.jpg
http://books.toscrape.com/catalogue/toddlers-are-aholes-its-not-your-fault_503/index.html,4242cc3d0437db12,Toddlers Are A**holes: It's Not Your Fault,£25.55,£25.55,7,"Toddler a**holery is a normal part of human developmentânot unlike puberty, except this stage involves throwing food on the floor and taking swings at people who pay your way in life. For parents of toddlers, it's a ""you better laugh so you don't cry"" period. Bunmi Laditan's hilarious, satirical guide to toddlerhood offers parents instant (and very welcome) comic reliefâal Toddler a**holery is a normal part of human developmentânot unlike puberty, except this stage involves throwing food on the floor and taking swings at people who pay your way in life. For parents of toddlers, it's a ""you better laugh so you don't cry"" period. Bunmi Laditan's hilarious, satirical guide to toddlerhood offers parents instant (and very welcome) comic reliefâalong with the very good news that ""It's Not Your Fault."" Chapters cover the cost of raising a toddler, feeding your toddler, potty-training, tantrums, how to manage the holidays, and ""how not to die inside."" Parents will see themselves in the very funny sections on taking your toddler to restaurants (""One parent will spend their time walking your toddler around the restaurant and outside like a cocker spaniel, while the other, luckier parent will eat alone.""), Things You Thought You'd Never Say That You Now Say As a Parent of a Toddler (""I can tell you're pooping because your eyes are watering.""), and how to order pizza (""Spend $40 on pizza delivery. Listen to your toddler cry for 30 minutes about how the pizza is all wrong. Watch your toddler take a small bite of crust. Google 'can anger give you a heart attack?' Start the bedtime routine.""). Laditan's wildly funny voice has attracted hundreds of thousands of fans of Honest Toddler on social media; here she speaks parent-to-tired-parent, easing the pains and challenges of raising toddlers with a hefty dose of adult humor and wit. Â  ...more",Humor,One,http://books.toscrape.com/media/cache/26/1a/261a092ddd76981beb23a601edf0868b.jpg
http://books.toscrape.com/catalogue/when-you-are-engulfed-in-flames_303/index.html,dab0196cd5fc8e5e,When You Are Engulfed in Flames,£30.89,£30.89,3,"It's early autumn 1964. Two straight-A students head off to school, and when only one of them returns home Chesney Yelverton is coaxed from retirement and assigned to what proves to be the most difficult and deadly - case of his career. From the shining notorious East Side, When You Are Engulfed in Flames confirms once again that David Sedaris is a master of mystery and su It's early autumn 1964. Two straight-A students head off to school, and when only one of them returns home Chesney Yelverton is coaxed from retirement and assigned to what proves to be the most difficult and deadly - case of his career. From the shining notorious East Side, When You Are Engulfed in Flames confirms once again that David Sedaris is a master of mystery and suspense.Or how about...when set on fire, most of us either fumble for our wallets or waste valuable time feeling sorry for ourselves. David Sedaris has studied this phenomenon, and his resulting insights may very well save your life. Author of the national bestsellers Should You Be Attacked By Snakes and If You Are Surrounded by Mean Ghosts, David Sedaris, with When You Are Engulfed in Flames, is clearly at the top of his game.Oh, all right...David Sedaris has written yet another book of essays (his sixth). Subjects include a parasitic worm that once lived in his mother-in-law's leg, an encounter with a dingo, and the recreational use of an external catheter. Also recounted is the buying of a human skeleton and the author's attempt to quit smoking In Tokyo.Master of nothing, at the dead center of his game, Sedaris proves that when you play with matches, you sometimes light the whole pack on fire. ...more",Humor,Five,http://books.toscrape.com/media/cache/42/1a/421afe48509fc8cccccad804b64c58dc.jpg
http://books.toscrape.com/catalogue/naked_197/index.html,54aeeb4610d3ae08,Naked,£31.69,£31.69,3,"Welcome to the hilarious, strange, elegiac, outrageous world of David Sedaris. In Naked, Sedaris turns the mania for memoir on its proverbial ear, mining the exceedingly rich terrain of his life, his family, and his unique worldviewâa sensibility at once take-no-prisoners sharp and deeply charitable. A tart-tongued mother does dead-on imitations of her young son's nervous Welcome to the hilarious, strange, elegiac, outrageous world of David Sedaris. In Naked, Sedaris turns the mania for memoir on its proverbial ear, mining the exceedingly rich terrain of his life, his family, and his unique worldviewâa sensibility at once take-no-prisoners sharp and deeply charitable. A tart-tongued mother does dead-on imitations of her young son's nervous tics, to the great amusement of his teachers; a stint of Kerouackian wandering is undertaken (of course!) with a quadriplegic companion; a family gathers for a wedding in the face of imminent death. Through it all is Sedaris's unmistakable voice, without doubt one of the freshest in American writing. ...more",Humor,Three,http://books.toscrape.com/media/cache/80/2b/802b92421a7314b0a6afef8a9754cf5c.jpg
http://books.toscrape.com/catalogue/lamb-the-gospel-according-to-biff-christs-childhood-pal_182/index.html,190fbebbf798c31a,"Lamb: The Gospel According to Biff, Christ's Childhood Pal",£55.50,£55.50,3,"The birth of Jesus has been well chronicled, as have his glorious teachings, acts, and divine sacrifice after his thirtieth birthday. But no one knows about the early life of the Son of God, the missing years -- except Biff, the Messiah's best bud, who has been resurrected to tell the story in the divinely hilarious yet heartfelt work ""reminiscent of Vonnegut and Douglas A The birth of Jesus has been well chronicled, as have his glorious teachings, acts, and divine sacrifice after his thirtieth birthday. But no one knows about the early life of the Son of God, the missing years -- except Biff, the Messiah's best bud, who has been resurrected to tell the story in the divinely hilarious yet heartfelt work ""reminiscent of Vonnegut and Douglas Adams"" (Philadelphia Inquirer).Verily, the story Biff has to tell is a miraculous one, filled with remarkable journeys, magic, healings, kung fu, corpse reanimations, demons, and hot babes. Even the considerable wiles and devotion of the Savior's pal may not be enough to divert Joshua from his tragic destiny. But there's no one who loves Josh more - except maybe ""Maggie,"" Mary of Magdala - and Biff isn't about to let his extraordinary pal suffer and ascend without a fight. ...more",Humor,Five,http://books.toscrape.com/media/cache/c4/69/c469440eeffdd84ac3f4b09bd575c548.jpg
http://books.toscrape.com/catalogue/holidays-on-ice_167/index.html,0cb4856be3694a57,Holidays on Ice,£51.07,£51.07,3,"A new holiday classic--six of the most profound Christmas stories by the author of the bestselling ""Naked"" and ""Barrel Fever""--is now in a paperback edition perfect for stocking stuffing.",Humor,Two,http://books.toscrape.com/media/cache/57/4c/574cbab555bb7d21e50b20267383e45d.jpg
